Workbook

Sheet Model
A1: model | B1: 671B | C1: =match(B1,'DeepSeekV3 config'!C1:E1,0)+1 -> 2 | F1: Precision | G1: Element bits | H1: Block size | I1: Scale bits | J1: Bits/val
A2: vocab_size | B2: =vlookup(A2,'DeepSeekV3 config'!$B$1:$E$22,$C$1,0) -> 129280 | F2: fp4 | G2: 4 | H2: 16 | I2: 8 | J2: =(G2*H2+I2)/H2 -> 4.5
A3: dim | B3: =vlookup(A3,'DeepSeekV3 config'!$B$1:$E$22,$C$1,0) -> 7168 | F3: int8 | G3: 8 | H3: 32 | I3: 8 | J3: =(G3*H3+I3)/H3 -> 8.25
A4: q_lora_rank | B4: =vlookup(A4,'DeepSeekV3 config'!$B$1:$E$22,$C$1,0) -> 1536 | F4: fp8 | G4: 8 | H4: 32 | I4: 0 | J4: =(G4*H4+I4)/H4 -> 8
A5: n_heads | B5: =vlookup(A5,'DeepSeekV3 config'!$B$1:$E$22,$C$1,0) -> 128 | F5: bf16 | G5: 16 | H5: 1 | I5: 0 | J5: =(G5*H5+I5)/H5 -> 16
A6: qk_head_dim | B6: =vlookup(A6,'DeepSeekV3 config'!$B$1:$E$22,$C$1,0) -> 192
A7: qk_rope_head_dim | B7: =vlookup(A7,'DeepSeekV3 config'!$B$1:$E$22,$C$1,0) -> 64
A8: kv_lora_rank | B8: =vlookup(A8,'DeepSeekV3 config'!$B$1:$E$22,$C$1,0) -> 512
A9: v_head_dim | B9: =vlookup(A9,'DeepSeekV3 config'!$B$1:$E$22,$C$1,0) -> 128
A10: inter_dim | B10: =vlookup(A10,'DeepSeekV3 config'!$B$1:$E$22,$C$1,0) -> 18432
A11: moe_inter_dim | B11: =vlookup(A11,'DeepSeekV3 config'!$B$1:$E$22,$C$1,0) -> 2048
A12: n_routed_experts | B12: =vlookup(A12,'DeepSeekV3 config'!$B$1:$E$22,$C$1,0) -> 256
A13: n_shared_experts | B13: =vlookup(A13,'DeepSeekV3 config'!$B$1:$E$22,$C$1,0) -> 1
A14: n_activated_experts | B14: =vlookup(A14,'DeepSeekV3 config'!$B$1:$E$22,$C$1,0) -> 8
A15: n_layers | B15: =vlookup(A15,'DeepSeekV3 config'!$B$1:$E$22,$C$1,0) -> 61
A16: n_dense_layers | B16: =vlookup(A16,'DeepSeekV3 config'!$B$1:$E$22,$C$1,0) -> 3
A18: additional
A19: seq_len | B19: 1000
A20: batch_size | B20: 1
E22: batch_size=1 | G22: ="batch_size=" & B20 -> batch_size=1
C23: format | D23: N weights | E23: Ops | F23: N Activations | G23: Ops | H23: N Activations | I23: Weights MB | J23: Activ MB
A24: Vocab | B24: embed_tokens | C24: bf16 | D24: =B2*B3 -> 926679040 | E24: =B3 -> 7168 | F24: =B3 -> 7168 | G24: =E24*$B$20 -> 7168 | H24: =F24*$B$20 -> 7168 | I24: =vlookup(C24, $F$1:$J$5, 5, 0)*D24/8/2^20 -> 1767.5 | J24: =vlookup(C24, $F$1:$J$5, 5, 0)*H24/8/2^20 -> 0.013671875
A25: Vocab | B25: RoPE | C25: bf16 | E25: =2*F24 -> 14336 | F25: =F24 -> 7168 | G25: =E25*$B$20 -> 14336 | H25: =F25*$B$20 -> 7168 | I25: =vlookup(C25, $F$1:$J$5, 5, 0)*D25/8/2^20 -> 0 | J25: =vlookup(C25, $F$1:$J$5, 5, 0)*H25/8/2^20 -> 0.013671875
A26: MLA | B26: input_layernorm | C26: fp8 | E26: =3*(F25+1) -> 21507 | F26: =F25 -> 7168 | G26: =E26*$B$20 -> 21507 | H26: =F26*$B$20 -> 7168 | I26: =vlookup(C26, $F$1:$J$5, 5, 0)*D26/8/2^20 -> 0 | J26: =vlookup(C26, $F$1:$J$5, 5, 0)*H26/8/2^20 -> 0.0068359375
A27: MLA | B27: q_down_proj | C27: fp8 | D27: =B3*B4 -> 11010048 | E27: =D27*2 -> 22020096 | F27: =B4 -> 1536 | G27: =E27*$B$20 -> 22020096 | H27: =F27*$B$20 -> 1536 | I27: =vlookup(C27, $F$1:$J$5, 5, 0)*D27/8/2^20 -> 10.5 | J27: =vlookup(C27, $F$1:$J$5, 5, 0)*H27/8/2^20 -> 0.0014648438
A28: MLA | B28: q_down_layernorm | C28: fp8 | E28: =3*(F27+1) -> 4611 | F28: =F27 -> 1536 | G28: =E28*$B$20 -> 4611 | H28: =F28*$B$20 -> 1536 | I28: =vlookup(C28, $F$1:$J$5, 5, 0)*D28/8/2^20 -> 0 | J28: =vlookup(C28, $F$1:$J$5, 5, 0)*H28/8/2^20 -> 0.0014648438
A29: MLA | B29: q_up_proj | C29: fp8 | D29: =B4*B5*B6 -> 37748736 | E29: =D29*2 -> 75497472 | F29: =B5*B6 -> 24576 | G29: =E29*$B$20 -> 75497472 | H29: =F29*$B$20 -> 24576 | I29: =vlookup(C29, $F$1:$J$5, 5, 0)*D29/8/2^20 -> 36 | J29: =vlookup(C29, $F$1:$J$5, 5, 0)*H29/8/2^20 -> 0.0234375
A30: MLA | B30: kv_down_proj (+RoPE) | C30: fp8 | D30: =B3*(B7+B8) -> 4128768 | E30: =D30*2 -> 8257536 | F30: =B7+B8 -> 576 | G30: =E30*$B$20 -> 8257536 | H30: =F30*$B$20 -> 576 | I30: =vlookup(C30, $F$1:$J$5, 5, 0)*D30/8/2^20 -> 3.9375 | J30: =vlookup(C30, $F$1:$J$5, 5, 0)*H30/8/2^20 -> 0.00054931641
A31: MLA | B31: kv_down_layernorm | C31: fp8 | E31: =3*(F30+1) -> 1731 | F31: =F30 -> 576 | G31: =E31*$B$20 -> 1731 | H31: =F31*$B$20 -> 576 | I31: =vlookup(C31, $F$1:$J$5, 5, 0)*D31/8/2^20 -> 0 | J31: =vlookup(C31, $F$1:$J$5, 5, 0)*H31/8/2^20 -> 0.00054931641
A32: MLA | B32: Load K cache (+RoPE) | C32: fp8 | F32: =B19*(B8+B7) -> 576000 | G32: =E32*$B$20 -> 0 | H32: =F32*$B$20 -> 576000 | I32: =vlookup(C32, $F$1:$J$5, 5, 0)*D32/8/2^20 -> 0 | J32: =vlookup(C32, $F$1:$J$5, 5, 0)*H32/8/2^20 -> 0.54931641
A33: MLA | B33: Load V cache | C33: fp8 | F33: =B19*B8 -> 512000 | G33: =E33*$B$20 -> 0 | H33: =F33*$B$20 -> 512000 | I33: =vlookup(C33, $F$1:$J$5, 5, 0)*D33/8/2^20 -> 0 | J33: =vlookup(C33, $F$1:$J$5, 5, 0)*H33/8/2^20 -> 0.48828125
A34: MLA | B34: kv_up_proj | C34: fp8 | D34: =B8*B5*(B6+B9-B7) -> 16777216 | E34: =D34*2 -> 33554432 | F34: =B5*(B6+B9-B7) -> 32768 | G34: =E34*$B$20 -> 33554432 | H34: =F34*$B$20 -> 32768 | I34: =vlookup(C34, $F$1:$J$5, 5, 0)*D34/8/2^20 -> 16 | J34: =vlookup(C34, $F$1:$J$5, 5, 0)*H34/8/2^20 -> 0.03125
A35: MLA | B35: QK | C35: fp8 | E35: =B5*F32*2 -> 147456000 | F35: =B19*B5 -> 128000 | G35: =E35*$B$20 -> 147456000 | H35: =F35*$B$20 -> 128000 | I35: =vlookup(C35, $F$1:$J$5, 5, 0)*D35/8/2^20 -> 0 | J35: =vlookup(C35, $F$1:$J$5, 5, 0)*H35/8/2^20 -> 0.12207031
A36: MLA | B36: Scale + softmax (P) | C36: fp8 | E36: =B5*(8*B19+1) -> 1024128 | F36: =F35 -> 128000 | G36: =E36*$B$20 -> 1024128 | H36: =F36*$B$20 -> 128000 | I36: =vlookup(C36, $F$1:$J$5, 5, 0)*D36/8/2^20 -> 0 | J36: =vlookup(C36, $F$1:$J$5, 5, 0)*H36/8/2^20 -> 0.12207031
A37: MLA | B37: PV | C37: fp8 | E37: =2*F33*B5 -> 131072000 | F37: =B5*B9 -> 16384 | G37: =E37*$B$20 -> 131072000 | H37: =F37*$B$20 -> 16384 | I37: =vlookup(C37, $F$1:$J$5, 5, 0)*D37/8/2^20 -> 0 | J37: =vlookup(C37, $F$1:$J$5, 5, 0)*H37/8/2^20 -> 0.015625
A38: MLA | B38: o_proj | C38: fp8 | D38: =B5*B9*B3 -> 117440512 | E38: =D38*2 -> 234881024 | F38: =B3 -> 7168 | G38: =E38*$B$20 -> 234881024 | H38: =F38*$B$20 -> 7168 | I38: =vlookup(C38, $F$1:$J$5, 5, 0)*D38/8/2^20 -> 112 | J38: =vlookup(C38, $F$1:$J$5, 5, 0)*H38/8/2^20 -> 0.0068359375
A39: MLA | B39: post_attention_layernorm | C39: fp8 | E39: =3*(F38+1) -> 21507 | F39: =F38 -> 7168 | G39: =E39*$B$20 -> 21507 | H39: =F39*$B$20 -> 7168 | I39: =vlookup(C39, $F$1:$J$5, 5, 0)*D39/8/2^20 -> 0 | J39: =vlookup(C39, $F$1:$J$5, 5, 0)*H39/8/2^20 -> 0.0068359375
A40: MLP | B40: gate_proj | C40: fp8 | D40: =B3*B10 -> 132120576 | E40: =D40*2 -> 264241152 | F40: =B10 -> 18432 | G40: =E40*$B$20 -> 264241152 | H40: =F40*$B$20 -> 18432 | I40: =vlookup(C40, $F$1:$J$5, 5, 0)*D40/8/2^20 -> 126 | J40: =vlookup(C40, $F$1:$J$5, 5, 0)*H40/8/2^20 -> 0.017578125
A41: MLP | B41: up_proj | C41: fp8 | D41: =D40 -> 132120576 | E41: =D41*2 -> 264241152 | F41: =B10 -> 18432 | G41: =E41*$B$20 -> 264241152 | H41: =F41*$B$20 -> 18432 | I41: =vlookup(C41, $F$1:$J$5, 5, 0)*D41/8/2^20 -> 126 | J41: =vlookup(C41, $F$1:$J$5, 5, 0)*H41/8/2^20 -> 0.017578125
A42: MLP | B42: act_fn | C42: fp8 | E42: =(8+1)*F41 -> 165888 | F42: =F41 -> 18432 | G42: =E42*$B$20 -> 165888 | H42: =F42*$B$20 -> 18432 | I42: =vlookup(C42, $F$1:$J$5, 5, 0)*D42/8/2^20 -> 0 | J42: =vlookup(C42, $F$1:$J$5, 5, 0)*H42/8/2^20 -> 0.017578125
A43: MLP | B43: down_proj | C43: fp8 | D43: =D41 -> 132120576 | E43: =D43*2 -> 264241152 | F43: =B3 -> 7168 | G43: =E43*$B$20 -> 264241152 | H43: =F43*$B$20 -> 7168 | I43: =vlookup(C43, $F$1:$J$5, 5, 0)*D43/8/2^20 -> 126 | J43: =vlookup(C43, $F$1:$J$5, 5, 0)*H43/8/2^20 -> 0.0068359375
A44: Expert router | B44: expert_router | C44: bf16 | D44: =B12*B3 -> 1835008 | E44: =D44*2 -> 3670016 | F44: =B12+B13 -> 257 | G44: =E44*$B$20 -> 3670016 | H44: =F44*$B$20 -> 257 | I44: =vlookup(C44, $F$1:$J$5, 5, 0)*D44/8/2^20 -> 3.5 | J44: =vlookup(C44, $F$1:$J$5, 5, 0)*H44/8/2^20 -> 0.0004901886
A45: Expert | B45: gate_proj | C45: fp8 | D45: =B3*B11 -> 14680064 | E45: =D45*2 -> 29360128 | F45: =B11 -> 2048 | G45: =E45*$B$20 -> 29360128 | H45: =F45*$B$20 -> 2048 | I45: =vlookup(C45, $F$1:$J$5, 5, 0)*D45/8/2^20 -> 14 | J45: =vlookup(C45, $F$1:$J$5, 5, 0)*H45/8/2^20 -> 0.001953125
A46: Expert | B46: up_proj | C46: fp8 | D46: =B3*B11 -> 14680064 | E46: =D46*2 -> 29360128 | F46: =B11 -> 2048 | G46: =E46*$B$20 -> 29360128 | H46: =F46*$B$20 -> 2048 | I46: =vlookup(C46, $F$1:$J$5, 5, 0)*D46/8/2^20 -> 14 | J46: =vlookup(C46, $F$1:$J$5, 5, 0)*H46/8/2^20 -> 0.001953125
A47: Expert | B47: act_fn | C47: fp8 | E47: =(8+1)*F46 -> 18432 | F47: =F46 -> 2048 | G47: =E47*$B$20 -> 18432 | H47: =F47*$B$20 -> 2048 | I47: =vlookup(C47, $F$1:$J$5, 5, 0)*D47/8/2^20 -> 0 | J47: =vlookup(C47, $F$1:$J$5, 5, 0)*H47/8/2^20 -> 0.001953125
A48: Expert | B48: down_proj | C48: fp8 | D48: =B11*B3 -> 14680064 | E48: =D48*2 -> 29360128 | F48: =B3 -> 7168 | G48: =E48*$B$20 -> 29360128 | H48: =F48*$B$20 -> 7168 | I48: =vlookup(C48, $F$1:$J$5, 5, 0)*D48/8/2^20 -> 14 | J48: =vlookup(C48, $F$1:$J$5, 5, 0)*H48/8/2^20 -> 0.0068359375
A49: Vocab | B49: output_head | C49: bf16 | D49: =B2*B3 -> 926679040 | E49: =D49*2 -> 1853358080 | F49: =B2 -> 129280 | G49: =E49*$B$20 -> 1853358080 | H49: =F49*$B$20 -> 129280 | I49: =vlookup(C49, $F$1:$J$5, 5, 0)*D49/8/2^20 -> 1767.5 | J49: =vlookup(C49, $F$1:$J$5, 5, 0)*H49/8/2^20 -> 0.24658203
A50: Vocab | B50: softmax | C50: bf16 | E50: =F49 -> 129280 | F50: =F48 -> 7168 | G50: =E50*$B$20 -> 129280 | H50: =F50*$B$20 -> 7168 | I50: =vlookup(C50, $F$1:$J$5, 5, 0)*D50/8/2^20 -> 0 | J50: =vlookup(C50, $F$1:$J$5, 5, 0)*H50/8/2^20 -> 0.013671875
A52: Calc per layer
A53: Stage | B53: Per layer, tot | C53: Per layer, active | D53: w per block, M | E53: weights MB | F53: activ. MB | G53: MFLOPS
A54: Vocab | B54: 1 | C54: 1 | D54: =sumif($A$24:$A$50,$A54,$D$24:$D$50)/10^6 -> 1853.3581 | E54: =sumif($A$24:$A$50,$A54,$I$24:$I$50) -> 3535 | F54: =sumif($A$24:$A$50,$A54,$J$24:$J$50) -> 0.28759766 | G54: =sumif($A$24:$A$50,$A54,$G$24:$G$50)/10^6 -> 1853.5089
A55: MLA | B55: 1 | C55: 1 | D55: =sumif($A$24:$A$50,$A55,$D$24:$D$50)/10^6 -> 187.10528 | E55: =sumif($A$24:$A$50,$A55,$I$24:$I$50) -> 178.4375 | F55: =sumif($A$24:$A$50,$A55,$J$24:$J$50) -> 1.3765869 | G55: =sumif($A$24:$A$50,$A55,$G$24:$G$50)/10^6 -> 653.81204
A56: MLP | B56: 1 | C56: 1 | D56: =sumif($A$24:$A$50,$A56,$D$24:$D$50)/10^6 -> 396.36173 | E56: =sumif($A$24:$A$50,$A56,$I$24:$I$50) -> 378 | F56: =sumif($A$24:$A$50,$A56,$J$24:$J$50) -> 0.059570312 | G56: =sumif($A$24:$A$50,$A56,$G$24:$G$50)/10^6 -> 792.88934
A57: Expert router | B57: 1 | C57: 1 | D57: =sumif($A$24:$A$50,$A57,$D$24:$D$50)/10^6 -> 1.835008 | E57: =sumif($A$24:$A$50,$A57,$I$24:$I$50) -> 3.5 | F57: =sumif($A$24:$A$50,$A57,$J$24:$J$50) -> 0.0004901886 | G57: =sumif($A$24:$A$50,$A57,$G$24:$G$50)/10^6 -> 3.670016
A58: Expert | B58: =B12+B13 -> 257 | C58: =B14+B13 -> 9 | D58: =sumif($A$24:$A$50,$A58,$D$24:$D$50)/10^6 -> 44.040192 | E58: =sumif($A$24:$A$50,$A58,$I$24:$I$50) -> 42 | F58: =sumif($A$24:$A$50,$A58,$J$24:$J$50) -> 0.012695312 | G58: =sumif($A$24:$A$50,$A58,$G$24:$G$50)/10^6 -> 88.098816
A60: Calc overall
A61: Stage | B61: Layers | C61: Total w, M | D61: Active w, M | E61: MFLOPS | F61: w MB (Total) | G61: w MB (Active) | H61: a MB (Total) | I61: a MB (Active)
A62: Vocab | B62: 1 | C62: =D54*B54*B62 -> 1853.3581 | D62: =D54*C54*B62 -> 1853.3581 | E62: =G54*C54*B62 -> 1853.5089 | F62: =B62*B54*E54 -> 3535 | G62: =B62*C54*E54 -> 3535 | H62: =B62*B54*F54 -> 0.28759766 | I62: =B62*C54*F54 -> 0.28759766
A63: MLA | B63: =B15 -> 61 | C63: =D55*B55*B63 -> 11413.422 | D63: =D55*C55*B63 -> 11413.422 | E63: =G55*C55*B63 -> 39882.535 | F63: =B63*B55*E55 -> 10884.688 | G63: =B63*C55*E55 -> 10884.688 | H63: =B63*B55*F55 -> 83.971802 | I63: =B63*C55*F55 -> 83.971802
A64: MLP | B64: =B16 -> 3 | C64: =D56*B56*B64 -> 1189.0852 | D64: =D56*C56*B64 -> 1189.0852 | E64: =G56*C56*B64 -> 2378.668 | F64: =B64*B56*E56 -> 1134 | G64: =B64*C56*E56 -> 1134 | H64: =B64*B56*F56 -> 0.17871094 | I64: =B64*C56*F56 -> 0.17871094
A65: Expert router | B65: =B63-B64 -> 58 | C65: =D57*B57*B65 -> 106.43046 | D65: =D57*C57*B65 -> 106.43046 | E65: =G57*C57*B65 -> 212.86093 | F65: =B65*B57*E57 -> 203 | G65: =B65*C57*E57 -> 203 | H65: =B65*B57*F57 -> 0.028430939 | I65: =B65*C57*F57 -> 0.028430939
A66: MoE | B66: =B65 -> 58 | C66: =D58*B58*B66 -> 656463.1 | D66: =D58*C58*B66 -> 22988.98 | E66: =G58*C58*B66 -> 45987.582 | F66: =B66*B58*E58 -> 626052 | G66: =B66*C58*E58 -> 21924 | H66: =B66*B58*F58 -> 189.23633 | I66: =B66*C58*F58 -> 6.6269531
C68: =sum(C62:C66) -> 671025.4 | D68: =sum(D62:D66) -> 37551.276 | E68: =sum(E62:E66) -> 90315.154 | F68: =sum(F62:F66) -> 641808.69 | G68: =sum(G62:G66) -> 37680.688 | H68: =sum(H62:H66) -> 273.70287 | I68: =sum(I62:I66) -> 91.093494
E69: =E68/B20 -> 90315.154

Sheet DeepSeekV3 config
B1: Model | C1: 671B | D1: 236B | E1: 16B
B2: Config | C2: Config | D2: Config | E2: Config
A3: V | B3: vocab_size | C3: 129280 | D3: 102400 | E3: 102400
A4: d | B4: dim | C4: 7168 | D4: 5120 | E4: 2048
B5: inter_dim | C5: 18432 | D5: 12288 | E5: 10944
B6: moe_inter_dim | C6: 2048 | D6: 1536 | E6: 1408
B7: n_layers | C7: 61 | D7: 60 | E7: 27
B8: n_dense_layers | C8: 3 | D8: 1 | E8: 1
B9: n_heads | C9: 128 | D9: 128 | E9: 16
B10: n_routed_experts | C10: 256 | D10: 160 | E10: 64
B11: n_shared_experts | C11: 1 | D11: 2 | E11: 2
B12: n_activated_experts | C12: 8 | D12: 6 | E12: 6
B13: n_expert_groups | C13: 8 | D13: 8
B14: n_limited_groups | C14: 4 | D14: 3
B15: route_scale | C15: 2.5 | D15: 16 | E15: 1
B16: score_func | C16: sigmoid
B17: q_lora_rank | C17: 1536 | D17: 1536 | E17: 0
A18: d_c | B18: kv_lora_rank | C18: 512 | D18: 512 | E18: 512
A19: d_h | B19: qk_nope_head_dim | C19: 128 | D19: 128 | E19: 128
B20: qk_rope_head_dim | C20: 64 | D20: 64 | E20: 64
B21: qk_head_dim | C21: =C19+C20 -> 192 | D21: =D19+D20 -> 192 | E21: 192
B22: v_head_dim | C22: 128 | D22: 128 | E22: 128

Sheet Nvidia
B1: Prefill | C1: Decode | F1: =F3*F12*F13 -> 320 | G1: =G3*G12*G13 -> 720 | H1: =H3*H12*H13 -> 9599.04 | I1: =I3*I12*I13 -> 1080 | J1: =J3*J12*J13 -> 2399.76 | K1: =K3*K12*K13 -> 9599.04 | L1: =L3*L12*L13 -> 14400 | M1: =M3*M12*M13 -> 2880
A2: Per package | B2: NVL72 | C2: NVL576 | D2: H100 | E2: H200 | F2: B200 | G2: NVL72 | H2: DRAM unicorn | I2: NVL72 Ultra | J2: NVL144 | K2: NVL576 | L2: OLD NVL576 | M2: Rubin CPX | P2: Reverse Jensen
A3: fp4 | B3: =offset($B$2, row($B1), match($B$2,$D$2:$M$2,0)+1) -> 10 | C3: =offset($C$2, row($C1), match($C$2,$D$2:$M$2,0)) -> 66.66 | F3: 10 | G3: =F3 -> 10 | H3: =K3 -> 66.66 | I3: 15 | J3: 33.33 | K3: =J3*2 -> 66.66 | L3: 100 | M3: 20 | N3: PFLOPS | P3: TPS/MW | Q3: =5.8*10^6 -> 5800000 | R3: <-- from curve
A4: fp8 | B4: =offset($B$2, row($B2), match($B$2,$D$2:$M$2,0)+1) -> 5 | C4: =offset($C$2, row($C2), match($C$2,$D$2:$M$2,0)) -> 22.22 | D4: 3.96 | E4: 3.96 | F4: =F3/2 -> 5 | G4: =F4 -> 5 | H4: =H3/3 -> 22.22 | I4: =F4*2 -> 10 | J4: =J3/3 -> 11.11 | K4: =J4*2 -> 22.22 | L4: =L3/2 -> 50 | M4: =M3/2 -> 10 | N4: PFLOPS | P4: tps/user | Q4: 220 | R4: <-- from curve
A5: bf16 | B5: =offset($B$2, row($B3), match($B$2,$D$2:$M$2,0)+1) -> 2.5 | C5: =offset($C$2, row($C3), match($C$2,$D$2:$M$2,0)) -> 11.11 | D5: 1.98 | E5: 1.98 | F5: =F4/2 -> 2.5 | G5: =F5 -> 2.5 | H5: =H4/2 -> 11.11 | I5: =F5*2 -> 5 | J5: =J4/2 -> 5.555 | K5: =K4/2 -> 11.11 | L5: =L4/2 -> 25 | M5: =M4/2 -> 5 | N5: PFLOPS | P5: bs | Q5: 128 | R5: <-- from curve
A6: int4 | B6: =offset($B$2, row($B4), match($B$2,$D$2:$M$2,0)+1) | C6: =offset($C$2, row($C4), match($C$2,$D$2:$M$2,0)) | N6: POPS | P6: OS time | Q6: =1000/Q4 -> 4.5454545 | R6: match TPS/user first
A7: int8 | B7: =offset($B$2, row($B5), match($B$2,$D$2:$M$2,0)+1) -> 5 | C7: =offset($C$2, row($C5), match($C$2,$D$2:$M$2,0)) | D7: 3.96 | E7: 3.96 | F7: =F4 -> 5 | G7: =F7 -> 5 | I7: =23/I12 -> 0.31944444 | N7: POPS | P7: tok/sec/system | Q7: =3000/(Q6*1.1)*Q5 -> 76800 | R7: then use whole seq for throughput
A8: Effective kW | B8: =offset($B$2, row($B6), match($B$2,$D$2:$M$2,0)+1) -> 1.6666667 | C8: =offset($C$2, row($C6), match($C$2,$D$2:$M$2,0)) -> 4.1666667 | D8: =D17/(D12*D13) -> 1.53125 | E8: =E17/(E12*E13) -> 1.53125 | F8: =F17/(F12*F13) -> 2.125 | G8: =G17/(G12*G13) -> 1.6666667 | H8: =H17/(H12*H13) -> 4.1666667 | I8: =I17/(I12*I13) -> 1.8055556 | J8: =J17/(J12*J13) -> 2.0833333 | K8: =K17/(K12*K13) -> 4.1666667 | ... M8: =M17/(M12*M13) -> 1.1111111 | P8: kW/system | Q8: =1000/Q3*Q7 -> 13.241379 | R8: implied system power
A9: HBM size | B9: =offset($B$2, row($B7), match($B$2,$D$2:$M$2,0)+1) -> 196608 | C9: =offset($C$2, row($C7), match($C$2,$D$2:$M$2,0)) -> 1048576 | D9: 81920 | E9: 144384 | F9: 196608 | G9: =F9 -> 196608 | H9: =K9 -> 1048576 | I9: =288*1024 -> 294912 | J9: =288*1024 -> 294912 | K9: =1024*1024 -> 1048576 | L9: =1024*1024 -> 1048576 | M9: =128*1024 -> 131072 | N9: MB | P9: 8 | Q9: =Q8/P9 -> 1.6551724 | R9: guess how many GPUs
A10: HBM BW | B10: =offset($B$2, row($B8), match($B$2,$D$2:$M$2,0)+1) -> 8192 | C10: =offset($C$2, row($C8), match($C$2,$D$2:$M$2,0)) * C26 -> 41984 | D10: =3.35*2^10 -> 3430.4 | E10: =4.8*2^10 -> 4915.2 | F10: =8*2^10 -> 8192 | G10: =8*2^10 -> 8192 | H10: =900*2^10 -> 921600 | I10: =8*2^10 -> 8192 | J10: =13*1024 -> 13312 | K10: =41*1024 -> 41984 | L10: =32*1024 -> 32768 | M10: =2*1024 -> 2048 | N10: GB/s
B11: =offset($B$2, row($B9), match($B$2,$D$2:$M$2,0)+1) | C11: =offset($C$2, row($C9), match($C$2,$D$2:$M$2,0))
A12: Packages/chassis | B12: =offset($B$2, row($B10), match($B$2,$D$2:$M$2,0)+1) -> 72 | C12: =offset($C$2, row($C10), match($C$2,$D$2:$M$2,0)) -> 144 | D12: 8 | E12: 8 | F12: 8 | G12: 72 | H12: =K12 -> 144 | I12: 72 | J12: 72 | K12: 144 | L12: 144 | M12: 8
A13: Chassis/rack | B13: =offset($B$2, row($B11), match($B$2,$D$2:$M$2,0)+1) -> 1 | C13: =offset($C$2, row($C11), match($C$2,$D$2:$M$2,0)) -> 1 | D13: 4 | E13: 4 | F13: 4 | G13: 1 | H13: =K13 -> 1 | I13: 1 | J13: 1 | K13: 1 | L13: 1 | M13: 18 | P13: fp4
A14: Intra Chassis BW | B14: =offset($B$2, row($B12), match($B$2,$D$2:$M$2,0)+1) -> 900 | C14: =offset($C$2, row($C12), match($C$2,$D$2:$M$2,0)) -> 1800 | D14: 450 | E14: 450 | F14: 900 | G14: 900 | H14: =K14 -> 1800 | I14: 900 | J14: =I14*2 -> 1800 | K14: =J14 -> 1800 | L14: =K14 -> 1800 | M14: 128 | N14: GB/s | P14: fp4/fp8
A15: BTW Chassis BW | B15: =offset($B$2, row($B13), match($B$2,$D$2:$M$2,0)+1) -> 900 | C15: =offset($C$2, row($C13), match($C$2,$D$2:$M$2,0)) -> 1800 | D15: 400 | E15: 400 | F15: 400 | G15: 900 | H15: =K15 -> 1800 | I15: 900 | J15: =I15*2 -> 1800 | K15: =J15 -> 1800 | L15: =K15 -> 1800 | M15: 128 | N15: GB/s | P15: Blog
A16: NV Link setup latency | B16: =offset($B$2, row($B14), match($B$2,$D$2:$M$2,0)+1) -> 0.2 | C16: =offset($C$2, row($C14), match($C$2,$D$2:$M$2,0)) -> 0.2 | D16: 0.8 | E16: 0.8 | F16: 0.2 | G16: 0.2 | H16: 0.2 | I16: 0.2 | J16: 0.2 | K16: =J16 -> 0.2 | L16: =K16 -> 0.2 | M16: 0.2 | N16: micros
A17: kW/rack | B17: =offset($B$2, row($B15), match($B$2,$D$2:$M$2,0)+1) -> 120 | C17: =offset($C$2, row($C15), match($C$2,$D$2:$M$2,0)) -> 600 | D17: ='TCO model'!C17 -> 49 | E17: ='TCO model'!D17 -> 49 | F17: ='TCO model'!E17 -> 68 | G17: ='TCO model'!F17 -> 120 | H17: =K17 -> 600 | I17: ='TCO model'!G17 -> 130 | J17: ='TCO model'!H17 -> 150 | K17: ='TCO model'!I17 -> 600 | L17: ='TCO model'!J17 -> 69.2 | M17: 160
A18: TCO $/sec | B18: =offset($B$2, row($B16), match($B$2,$D$2:$M$2,0)+1) -> 0.040149713 | C18: =offset($C$2, row($C16), match($C$2,$D$2:$M$2,0)) -> 0.17427335 | D18: ='TCO model'!C21 -> 0.019518542 | E18: ='TCO model'!D21 -> 0.02057755 | F18: ='TCO model'!E21 -> 0.026563935 | G18: ='TCO model'!$F$21 -> 0.040149713 | H18: =K18 -> 0.17427335 | I18: ='TCO model'!$G$21 -> 0.046143044 | J18: ='TCO model'!$H$21 -> 0.063424749 | K18: ='TCO model'!$I$21 -> 0.17427335 | L18: =K18 -> 0.17427335 | M18: =G18 -> 0.040149713
A20: MoE penallty | B20: 0.1 | C20: 0.2
A22: Deployment
A23: Sequence length | B23: 8000 | C23: 1000
A24: Batch size | B24: 1024 | C24: 1024
A25: KV load factor | C25: =1 + Model!B8/(Model!B8+Model!B7) * (1-E25) -> 1.4444444 | E25: =2^floor(log(70 / ((Model!$B$8+Model!$B$7)*vlookup($C$42, Model!$F$1:Model!$J$5, 5, 0)/8/1024), 2),1) / 128 -> 0.5 | F25: <-- % optimal tile size in MLA
A26: HBM efficiency | B26: =0.5 + 0.5 * min((B23*B24/1000)/128, 1) -> 1 | C26: =0.5 + 0.5 * min((C23*C24/1000)/128, 1) -> 1
A28: kernel launch | B28: 1.5 | C28: micros
A29: Kernel fusion | B29: 0.67 | E29: =sum(D34:D59) = sum(Model!D24:D50) -> TRUE
A30: Weight format | B30: fp4/fp8 | C30: https://github.com/NVIDIA/TensorRT-LLM/blob/main/docs/source/blogs/tech_blog/blog1_Pushing_Latency_Boundaries_Optimizing_DeepSeek-R1_Performance_on_NVIDIA_B200_GPUs.md#precision-strategy
E32: ="IN seq_len=" & B23 & ", batch_size=" & B24 -> IN seq_len=8000, batch_size=1024 | J32: ="OUT seq_len=" & C23 & ", batch_size=" & C24 -> OUT seq_len=1000, batch_size=1024
C33: format | D33: N weights | E33: P[FL]OPS | F33: Ops | G33: N Activations | H33: Weights MB | I33: Activ MB | K33: Ops | L33: N Activations | M33: Weights MB | N33: Activ MB
A34: Vocab | B34: embed_tokens | C34: =if($B$30="Blog", "bf16", if($B$30="fp4/fp8", "fp8", "fp4")) -> fp8 | D34: =Model!B2*Model!B3 -> 926679040 | E34: =vlookup(C34, $A$3:$B$7, 2, 0) -> 5 | F34: =Model!$B$3*$B$24 -> 7340032 | G34: =Model!$B$3*$B$24 -> 7340032 | H34: =vlookup($C34, Model!$F$1:Model!$J$5, 5, 0)*D34/8/2^20 -> 883.75 | I34: =vlookup($C34, Model!$F$1:Model!$J$5, 5, 0)*G34/8/2^20 -> 7 | J34: =vlookup(C34, $A$3:$C$7, 3, 0) -> 22.22 | K34: =Model!$B$3*$C$24 -> 7340032 | L34: =Model!$B$3*$C$24 -> 7340032 | M34: =vlookup($C34, Model!$F$1:Model!$J$5, 5, 0)*$D34/8/2^20 -> 883.75 | N34: =vlookup($C34, Model!$F$1:Model!$J$5, 5, 0)*L34/8/2^20 -> 7
A35: Vocab | B35: RoPE | C35: =if($B$30="Blog", "bf16", if($B$30="fp4/fp8", "fp8", "fp4")) -> fp8 | E35: =vlookup(C35, $A$3:$B$7, 2, 0) -> 5 | F35: =2*Model!$B$3*$B$24 -> 14680064 | G35: =Model!$B$3*$B$24 -> 7340032 | H35: =vlookup($C35, Model!$F$1:Model!$J$5, 5, 0)*D35/8/2^20 -> 0 | I35: =vlookup($C35, Model!$F$1:Model!$J$5, 5, 0)*G35/8/2^20 -> 7 | J35: =vlookup(C35, $A$3:$C$7, 3, 0) -> 22.22 | K35: =2*Model!$B$3*$C$24 -> 14680064 | L35: =Model!$B$3*$C$24 -> 7340032 | M35: =vlookup($C35, Model!$F$1:Model!$J$5, 5, 0)*$D35/8/2^20 -> 0 | N35: =vlookup($C35, Model!$F$1:Model!$J$5, 5, 0)*L35/8/2^20 -> 7
A36: MLA | B36: input_layernorm | C36: bf16 | E36: =vlookup(C36, $A$3:$B$7, 2, 0) -> 2.5 | F36: =3*(Model!$B$3+1)*$B$24 -> 22023168 | G36: =G35 -> 7340032 | H36: =vlookup($C36, Model!$F$1:Model!$J$5, 5, 0)*D36/8/2^20 -> 0 | I36: =vlookup($C36, Model!$F$1:Model!$J$5, 5, 0)*G36/8/2^20 -> 14 | J36: =vlookup(C36, $A$3:$C$7, 3, 0) -> 11.11 | K36: =3*(Model!$B$3+1)*$C$24 -> 22023168 | L36: =L35 -> 7340032 | M36: =vlookup($C36, Model!$F$1:Model!$J$5, 5, 0)*$D36/8/2^20 -> 0 | N36: =vlookup($C36, Model!$F$1:Model!$J$5, 5, 0)*L36/8/2^20 -> 14
A37: MLA | B37: q_down_proj | C37: =if($B$30="Blog", "bf16", if($B$30="fp4/fp8", "fp8", "fp4")) -> fp8 | D37: =Model!B3*Model!B4 -> 11010048 | E37: =vlookup(C37, $A$3:$B$7, 2, 0) -> 5 | F37: =$D$37*2*$B$24 -> 22548578304 | G37: =Model!$B$4*$B$24 -> 1572864 | H37: =vlookup($C37, Model!$F$1:Model!$J$5, 5, 0)*D37/8/2^20 -> 10.5 | I37: =vlookup($C37, Model!$F$1:Model!$J$5, 5, 0)*G37/8/2^20 -> 1.5 | J37: =vlookup(C37, $A$3:$C$7, 3, 0) -> 22.22 | K37: =$D$37*2*$C$24 -> 22548578304 | L37: =Model!$B$4*$C$24 -> 1572864 | M37: =vlookup($C37, Model!$F$1:Model!$J$5, 5, 0)*$D37/8/2^20 -> 10.5 | N37: =vlookup($C37, Model!$F$1:Model!$J$5, 5, 0)*L37/8/2^20 -> 1.5
A38: MLA | B38: q_down_layernorm | C38: bf16 | D38: 0 | E38: =vlookup(C38, $A$3:$B$7, 2, 0) -> 2.5 | F38: =3*(Model!$B$4+1)*$B$24 -> 4721664 | G38: =Model!$B$4*$B$24 -> 1572864 | H38: =vlookup($C38, Model!$F$1:Model!$J$5, 5, 0)*D38/8/2^20 -> 0 | I38: =vlookup($C38, Model!$F$1:Model!$J$5, 5, 0)*G38/8/2^20 -> 3 | J38: =vlookup(C38, $A$3:$C$7, 3, 0) -> 11.11 | K38: =3*(Model!$B$4+1)*$C$24 -> 4721664 | L38: =Model!$B$4*$C$24 -> 1572864 | M38: =vlookup($C38, Model!$F$1:Model!$J$5, 5, 0)*$D38/8/2^20 -> 0 | N38: =vlookup($C38, Model!$F$1:Model!$J$5, 5, 0)*L38/8/2^20 -> 3
A39: MLA | B39: q_up_proj | C39: =if($B$30="Blog", "bf16", if($B$30="fp4/fp8", "fp8", "fp4")) -> fp8 | D39: =Model!B4*Model!B5*Model!B6 -> 37748736 | E39: =vlookup(C39, $A$3:$B$7, 2, 0) -> 5 | F39: =$D$39*2*$B$24 -> 77309411328 | G39: =Model!$B$5*Model!$B$6*$B$24 -> 25165824 | H39: =vlookup($C39, Model!$F$1:Model!$J$5, 5, 0)*D39/8/2^20 -> 36 | I39: =vlookup($C39, Model!$F$1:Model!$J$5, 5, 0)*G39/8/2^20 -> 24 | J39: =vlookup(C39, $A$3:$C$7, 3, 0) -> 22.22 | K39: =$D$39*2*$C$24 -> 77309411328 | L39: =Model!$B$5*Model!$B$6*$C$24 -> 25165824 | M39: =vlookup($C39, Model!$F$1:Model!$J$5, 5, 0)*$D39/8/2^20 -> 36 | N39: =vlookup($C39, Model!$F$1:Model!$J$5, 5, 0)*L39/8/2^20 -> 24
A40: MLA | B40: kv_down_proj (+RoPE) | C40: =if($B$30="Blog", "bf16", if($B$30="fp4/fp8", "fp8", "fp4")) -> fp8 | D40: =Model!B3*(Model!B7+Model!B8) -> 4128768 | E40: =vlookup(C40, $A$3:$B$7, 2, 0) -> 5 | F40: =$D$40*2*$B$24 -> 8455716864 | G40: =(Model!$B$7+Model!$B$8)*$B$24 -> 589824 | H40: =vlookup($C40, Model!$F$1:Model!$J$5, 5, 0)*D40/8/2^20 -> 3.9375 | I40: =vlookup($C40, Model!$F$1:Model!$J$5, 5, 0)*G40/8/2^20 -> 0.5625 | J40: =vlookup(C40, $A$3:$C$7, 3, 0) -> 22.22 | K40: =$D$40*2*$C$24 -> 8455716864 | L40: =(Model!$B$7+Model!$B$8)*$C$24 -> 589824 | M40: =vlookup($C40, Model!$F$1:Model!$J$5, 5, 0)*$D40/8/2^20 -> 3.9375 | N40: =vlookup($C40, Model!$F$1:Model!$J$5, 5, 0)*L40/8/2^20 -> 0.5625
A41: MLA | B41: kv_down_layernorm | C41: bf16 | E41: =vlookup(C41, $A$3:$B$7, 2, 0) -> 2.5 | F41: =3*((Model!$B$7+Model!$B$8)+1)*$B$24 -> 1772544 | G41: =(Model!$B$7+Model!$B$8)*$B$24 -> 589824 | H41: =vlookup($C41, Model!$F$1:Model!$J$5, 5, 0)*D41/8/2^20 -> 0 | I41: =vlookup($C41, Model!$F$1:Model!$J$5, 5, 0)*G41/8/2^20 -> 1.125 | J41: =vlookup(C41, $A$3:$C$7, 3, 0) -> 11.11 | K41: =3*((Model!$B$7+Model!$B$8)+1)*$C$24 -> 1772544 | L41: =(Model!$B$7+Model!$B$8)*$C$24 -> 589824 | M41: =vlookup($C41, Model!$F$1:Model!$J$5, 5, 0)*$D41/8/2^20 -> 0 | N41: =vlookup($C41, Model!$F$1:Model!$J$5, 5, 0)*L41/8/2^20 -> 1.125
A42: MLA | B42: Latent KV (+RoPE) | C42: =if($B$30="Blog", "bf16", if($B$30="fp4/fp8", "fp8", "fp4")) -> fp8 | E42: =vlookup(C42, $A$3:$B$7, 2, 0) -> 5 | G42: =$B$23*(Model!$B$8+Model!$B$7)*$B$24 -> 4718592000 | H42: =vlookup($C42, Model!$F$1:Model!$J$5, 5, 0)*D42/8/2^20 -> 0 | I42: =vlookup($C42, Model!$F$1:Model!$J$5, 5, 0)*G42/8/2^20 -> 4500 | J42: =vlookup(C42, $A$3:$C$7, 3, 0) -> 22.22 | L42: =($B$23+$C$23)*(Model!$B$8+Model!$B$7)*$C$24 -> 5308416000 | M42: =vlookup($C42, Model!$F$1:Model!$J$5, 5, 0)*$D42/8/2^20 -> 0 | N42: =vlookup($C42, Model!$F$1:Model!$J$5, 5, 0)*L42/8/2^20 -> 5062.5
A43: MLA | B43: kv_up_proj | C43: =if($B$30="Blog", "bf16", if($B$30="fp4/fp8", "fp8", "fp4")) -> fp8 | D43: =Model!B8*Model!B5*(Model!B6+Model!B9-Model!B7) -> 16777216 | E43: =vlookup(C43, $A$3:$B$7, 2, 0) -> 5 | F43: =$D$43*2*$B$24 -> 34359738368 | G43: =Model!$B$5*(Model!$B$6+Model!$B$9-Model!$B$7)*$B$24 -> 33554432 | H43: =vlookup($C43, Model!$F$1:Model!$J$5, 5, 0)*D43/8/2^20 -> 16 | I43: =vlookup($C43, Model!$F$1:Model!$J$5, 5, 0)*G43/8/2^20 -> 32 | J43: =vlookup(C43, $A$3:$C$7, 3, 0) -> 22.22 | K43: =$D$43*2*$C$24 -> 34359738368 | L43: =Model!$B$5*(Model!$B$6+Model!$B$9-Model!$B$7)*$C$24 -> 33554432 | M43: =vlookup($C43, Model!$F$1:Model!$J$5, 5, 0)*$D43/8/2^20 -> 16 | N43: =vlookup($C43, Model!$F$1:Model!$J$5, 5, 0)*L43/8/2^20 -> 32
A44: MLA | B44: QK | C44: =if($B$30="Blog", "bf16", if($B$30="fp4/fp8", "fp8", "fp4")) -> fp8 | E44: =vlookup(C44, $A$3:$B$7, 2, 0) -> 5 | F44: =Model!$B$5*$B$23*(Model!$B$8+Model!$B$7)*$B$24*2 -> 1207959552000 | G44: =$B$23*Model!$B$5*$B$24 -> 1048576000 | H44: =vlookup($C44, Model!$F$1:Model!$J$5, 5, 0)*D44/8/2^20 -> 0 | I44: =vlookup($C44, Model!$F$1:Model!$J$5, 5, 0)*G44/8/2^20 -> 1000 | J44: =vlookup(C44, $A$3:$C$7, 3, 0) -> 22.22 | K44: =Model!$B$5*($B$23+$C$23)*(Model!$B$8+Model!$B$7)*$C$24*2 -> 1358954496000 | L44: =($B$23+$C$23)*Model!$B$5*$C$24 -> 1179648000 | M44: =vlookup($C44, Model!$F$1:Model!$J$5, 5, 0)*$D44/8/2^20 -> 0 | N44: =vlookup($C44, Model!$F$1:Model!$J$5, 5, 0)*L44/8/2^20 -> 1125
A45: MLA | B45: Scale + softmax (P) | C45: bf16 | E45: =vlookup(C45, $A$3:$B$7, 2, 0) -> 2.5 | F45: =Model!$B$5*(8*$B$23+1)*$B$24 -> 8388739072 | G45: =$B$23*Model!$B$5*$B$24 -> 1048576000 | H45: =vlookup($C45, Model!$F$1:Model!$J$5, 5, 0)*D45/8/2^20 -> 0 | I45: =vlookup($C45, Model!$F$1:Model!$J$5, 5, 0)*G45/8/2^20 -> 2000 | J45: =vlookup(C45, $A$3:$C$7, 3, 0) -> 11.11 | K45: =Model!$B$5*(8*($B$23+$C$23)+1)*$C$24 -> 9437315072 | L45: =($B$23+$C$23)*Model!$B$5*$C$24 -> 1179648000 | M45: =vlookup($C45, Model!$F$1:Model!$J$5, 5, 0)*$D45/8/2^20 -> 0 | N45: =vlookup($C45, Model!$F$1:Model!$J$5, 5, 0)*L45/8/2^20 -> 2250
A46: MLA | B46: PV | C46: =if($B$30="Blog", "bf16", if($B$30="fp4/fp8", "fp8", "fp4")) -> fp8 | E46: =vlookup(C46, $A$3:$B$7, 2, 0) -> 5 | F46: =2*Model!$B$5*Model!$B$9*$B$23*$C$24 -> 268435456000 | G46: =Model!$B$5*Model!$B$9*$B$24 -> 16777216 | H46: =vlookup($C46, Model!$F$1:Model!$J$5, 5, 0)*D46/8/2^20 -> 0 | I46: =vlookup($C46, Model!$F$1:Model!$J$5, 5, 0)*G46/8/2^20 -> 16 | J46: =vlookup(C46, $A$3:$C$7, 3, 0) -> 22.22 | K46: =2*Model!$B$5*Model!$B$9*($B$23+$C$23)*$C$24 -> 301989888000 | L46: =Model!$B$5*Model!$B$9*$C$24 -> 16777216 | M46: =vlookup($C46, Model!$F$1:Model!$J$5, 5, 0)*$D46/8/2^20 -> 0 | N46: =vlookup($C46, Model!$F$1:Model!$J$5, 5, 0)*L46/8/2^20 -> 16
A47: MLA | B47: o_proj | C47: =if($B$30="Blog", "bf16", if($B$30="fp4/fp8", "fp8", "fp4")) -> fp8 | D47: =Model!B5*Model!B9*Model!B3 -> 117440512 | E47: =vlookup(C47, $A$3:$B$7, 2, 0) -> 5 | F47: =$D$47*2*$B$24 -> 240518168576 | G47: =Model!$B$3*$B$24 -> 7340032 | H47: =vlookup($C47, Model!$F$1:Model!$J$5, 5, 0)*D47/8/2^20 -> 112 | I47: =vlookup($C47, Model!$F$1:Model!$J$5, 5, 0)*G47/8/2^20 -> 7 | J47: =vlookup(C47, $A$3:$C$7, 3, 0) -> 22.22 | K47: =$D$47*2*$C$24 -> 240518168576 | L47: =Model!$B$3*$C$24 -> 7340032 | M47: =vlookup($C47, Model!$F$1:Model!$J$5, 5, 0)*$D47/8/2^20 -> 112 | N47: =vlookup($C47, Model!$F$1:Model!$J$5, 5, 0)*L47/8/2^20 -> 7
A48: MLA | B48: post_attention_layernorm | C48: bf16 | E48: =vlookup(C48, $A$3:$B$7, 2, 0) -> 2.5 | F48: =3*(Model!$B$3+1)*$B$24 -> 22023168 | G48: =Model!$B$3*$B$24 -> 7340032 | H48: =vlookup($C48, Model!$F$1:Model!$J$5, 5, 0)*D48/8/2^20 -> 0 | I48: =vlookup($C48, Model!$F$1:Model!$J$5, 5, 0)*G48/8/2^20 -> 14 | J48: =vlookup(C48, $A$3:$C$7, 3, 0) -> 11.11 | K48: =3*(Model!$B$3+1)*$C$24 -> 22023168 | L48: =Model!$B$3*$C$24 -> 7340032 | M48: =vlookup($C48, Model!$F$1:Model!$J$5, 5, 0)*$D48/8/2^20 -> 0 | N48: =vlookup($C48, Model!$F$1:Model!$J$5, 5, 0)*L48/8/2^20 -> 14
A49: MLP | B49: gate_proj | C49: =if($B$3, $A$3, $A$4) -> fp4 | D49: =Model!B3*Model!B10 -> 132120576 | E49: =vlookup(C49, $A$3:$B$7, 2, 0) -> 10 | F49: =$D$49*2*$B$24 -> 270582939648 | G49: =Model!$B$10*$B$24 -> 18874368 | H49: =vlookup($C49, Model!$F$1:Model!$J$5, 5, 0)*D49/8/2^20 -> 70.875 | I49: =vlookup($C49, Model!$F$1:Model!$J$5, 5, 0)*G49/8/2^20 -> 10.125 | J49: =vlookup(C49, $A$3:$C$7, 3, 0) -> 66.66 | K49: =$D$49*2*$C$24 -> 270582939648 | L49: =Model!$B$10*$C$24 -> 18874368 | M49: =vlookup($C49, Model!$F$1:Model!$J$5, 5, 0)*$D49/8/2^20 -> 70.875 | N49: =vlookup($C49, Model!$F$1:Model!$J$5, 5, 0)*L49/8/2^20 -> 10.125
A50: MLP | B50: up_proj | C50: =if($B$3, $A$3, $A$4) -> fp4 | D50: =D49 -> 132120576 | E50: =vlookup(C50, $A$3:$B$7, 2, 0) -> 10 | F50: =$D$50*2*$B$24 -> 270582939648 | G50: =Model!$B$10*$B$24 -> 18874368 | H50: =vlookup($C50, Model!$F$1:Model!$J$5, 5, 0)*D50/8/2^20 -> 70.875 | I50: =vlookup($C50, Model!$F$1:Model!$J$5, 5, 0)*G50/8/2^20 -> 10.125 | J50: =vlookup(C50, $A$3:$C$7, 3, 0) -> 66.66 | K50: =$D$50*2*$C$24 -> 270582939648 | L50: =Model!$B$10*$C$24 -> 18874368 | M50: =vlookup($C50, Model!$F$1:Model!$J$5, 5, 0)*$D50/8/2^20 -> 70.875 | N50: =vlookup($C50, Model!$F$1:Model!$J$5, 5, 0)*L50/8/2^20 -> 10.125
A51: MLP | B51: act_fn | C51: =if($B$3, $A$3, $A$4) -> fp4 | E51: =vlookup(C51, $A$3:$B$7, 2, 0) -> 10 | F51: =(8+1)*Model!$B$10*$B$24 -> 169869312 | G51: =Model!$B$10*$B$24 -> 18874368 | H51: =vlookup($C51, Model!$F$1:Model!$J$5, 5, 0)*D51/8/2^20 -> 0 | I51: =vlookup($C51, Model!$F$1:Model!$J$5, 5, 0)*G51/8/2^20 -> 10.125 | J51: =vlookup(C51, $A$3:$C$7, 3, 0) -> 66.66 | K51: =(8+1)*Model!$B$10*$C$24 -> 169869312 | L51: =Model!$B$10*$C$24 -> 18874368 | M51: =vlookup($C51, Model!$F$1:Model!$J$5, 5, 0)*$D51/8/2^20 -> 0 | N51: =vlookup($C51, Model!$F$1:Model!$J$5, 5, 0)*L51/8/2^20 -> 10.125
A52: MLP | B52: down_proj | C52: =if($B$3, $A$3, $A$4) -> fp4 | D52: =D50 -> 132120576 | E52: =vlookup(C52, $A$3:$B$7, 2, 0) -> 10 | F52: =$D$52*2*$B$24 -> 270582939648 | G52: =Model!$B$3*$B$24 -> 7340032 | H52: =vlookup($C52, Model!$F$1:Model!$J$5, 5, 0)*D52/8/2^20 -> 70.875 | I52: =vlookup($C52, Model!$F$1:Model!$J$5, 5, 0)*G52/8/2^20 -> 3.9375 | J52: =vlookup(C52, $A$3:$C$7, 3, 0) -> 66.66 | K52: =$D$52*2*$C$24 -> 270582939648 | L52: =Model!$B$3*$C$24 -> 7340032 | M52: =vlookup($C52, Model!$F$1:Model!$J$5, 5, 0)*$D52/8/2^20 -> 70.875 | N52: =vlookup($C52, Model!$F$1:Model!$J$5, 5, 0)*L52/8/2^20 -> 3.9375
A53: Expert router | B53: expert_router | C53: bf16 | D53: =Model!B12*Model!B3 -> 1835008 | E53: =vlookup(C53, $A$3:$B$7, 2, 0) -> 2.5 | F53: =$D$53*2*$B$24 -> 3758096384 | G53: =(Model!$B$12+Model!$B$13)*$B$24 -> 263168 | H53: =vlookup($C53, Model!$F$1:Model!$J$5, 5, 0)*D53/8/2^20 -> 3.5 | I53: =vlookup($C53, Model!$F$1:Model!$J$5, 5, 0)*G53/8/2^20 -> 0.50195312 | J53: =vlookup(C53, $A$3:$C$7, 3, 0) -> 11.11 | K53: =$D$53*2*$C$24 -> 3758096384 | L53: =(Model!$B$12+Model!$B$13)*$C$24 -> 263168 | M53: =vlookup($C53, Model!$F$1:Model!$J$5, 5, 0)*$D53/8/2^20 -> 3.5 | N53: =vlookup($C53, Model!$F$1:Model!$J$5, 5, 0)*L53/8/2^20 -> 0.50195312
A54: Expert | B54: gate_proj | C54: =if($B$30="Blog", "bf16", if($B$30="Balanced", "fp8", "fp4")) -> fp4 | D54: =Model!B3*Model!B11 -> 14680064 | E54: =vlookup(C54, $A$3:$B$7, 2, 0) -> 10 | F54: =$D$54*2*$B$24 -> 30064771072 | G54: =Model!$B$11*$B$24 -> 2097152 | H54: =vlookup($C54, Model!$F$1:Model!$J$5, 5, 0)*D54/8/2^20 -> 7.875 | I54: =vlookup($C54, Model!$F$1:Model!$J$5, 5, 0)*G54/8/2^20 -> 1.125 | J54: =vlookup(C54, $A$3:$C$7, 3, 0) -> 66.66 | K54: =$D$54*2*$C$24 -> 30064771072 | L54: =Model!$B$11*$C$24 -> 2097152 | M54: =vlookup($C54, Model!$F$1:Model!$J$5, 5, 0)*$D54/8/2^20 -> 7.875 | N54: =vlookup($C54, Model!$F$1:Model!$J$5, 5, 0)*L54/8/2^20 -> 1.125
A55: Expert | B55: up_proj | C55: =if($B$30="Blog", "bf16", if($B$30="Balanced", "fp8", "fp4")) -> fp4 | D55: =Model!B3*Model!B11 -> 14680064 | E55: =vlookup(C55, $A$3:$B$7, 2, 0) -> 10 | F55: =$D$55*2*$B$24 -> 30064771072 | G55: =Model!$B$11*$B$24 -> 2097152 | H55: =vlookup($C55, Model!$F$1:Model!$J$5, 5, 0)*D55/8/2^20 -> 7.875 | I55: =vlookup($C55, Model!$F$1:Model!$J$5, 5, 0)*G55/8/2^20 -> 1.125 | J55: =vlookup(C55, $A$3:$C$7, 3, 0) -> 66.66 | K55: =$D$55*2*$C$24 -> 30064771072 | L55: =Model!$B$11*$C$24 -> 2097152 | M55: =vlookup($C55, Model!$F$1:Model!$J$5, 5, 0)*$D55/8/2^20 -> 7.875 | N55: =vlookup($C55, Model!$F$1:Model!$J$5, 5, 0)*L55/8/2^20 -> 1.125
A56: Expert | B56: act_fn | C56: bf16 | E56: =vlookup(C56, $A$3:$B$7, 2, 0) -> 2.5 | F56: =(8+1)*Model!$B$11*$B$24 -> 18874368 | G56: =Model!$B$11*$B$24 -> 2097152 | H56: =vlookup($C56, Model!$F$1:Model!$J$5, 5, 0)*D56/8/2^20 -> 0 | I56: =vlookup($C56, Model!$F$1:Model!$J$5, 5, 0)*G56/8/2^20 -> 4 | J56: =vlookup(C56, $A$3:$C$7, 3, 0) -> 11.11 | K56: =(8+1)*Model!$B$11*$C$24 -> 18874368 | L56: =Model!$B$11*$C$24 -> 2097152 | M56: =vlookup($C56, Model!$F$1:Model!$J$5, 5, 0)*$D56/8/2^20 -> 0 | N56: =vlookup($C56, Model!$F$1:Model!$J$5, 5, 0)*L56/8/2^20 -> 4
A57: Expert | B57: down_proj | C57: =if($B$30="Blog", "bf16", if($B$30="Balanced", "fp8", "fp4")) -> fp4 | D57: =Model!B11*Model!B3 -> 14680064 | E57: =vlookup(C57, $A$3:$B$7, 2, 0) -> 10 | F57: =$D$57*2*$B$24 -> 30064771072 | G57: =Model!$B$3*$B$24 -> 7340032 | H57: =vlookup($C57, Model!$F$1:Model!$J$5, 5, 0)*D57/8/2^20 -> 7.875 | I57: =vlookup($C57, Model!$F$1:Model!$J$5, 5, 0)*G57/8/2^20 -> 3.9375 | J57: =vlookup(C57, $A$3:$C$7, 3, 0) -> 66.66 | K57: =$D$57*2*$C$24 -> 30064771072 | L57: =Model!$B$3*$C$24 -> 7340032 | M57: =vlookup($C57, Model!$F$1:Model!$J$5, 5, 0)*$D57/8/2^20 -> 7.875 | N57: =vlookup($C57, Model!$F$1:Model!$J$5, 5, 0)*L57/8/2^20 -> 3.9375
A58: Vocab | B58: output_head | C58: =if($B$30="Blog", "bf16", if($B$30="Balanced", "fp8", "fp4")) -> fp4 | D58: =Model!B2*Model!B3 -> 926679040 | E58: =vlookup(C58, $A$3:$B$7, 2, 0) -> 10 | F58: =$D$58*2*$B$24 -> 1897838673920 | G58: =Model!$B$2*$B$24 -> 132382720 | H58: =vlookup($C58, Model!$F$1:Model!$J$5, 5, 0)*D58/8/2^20 -> 497.10938 | I58: =vlookup($C58, Model!$F$1:Model!$J$5, 5, 0)*G58/8/2^20 -> 71.015625 | J58: =vlookup(C58, $A$3:$C$7, 3, 0) -> 66.66 | K58: =$D$58*2*$C$24 -> 1897838673920 | L58: =Model!$B$2*$C$24 -> 132382720 | M58: =vlookup($C58, Model!$F$1:Model!$J$5, 5, 0)*$D58/8/2^20 -> 497.10938 | N58: =vlookup($C58, Model!$F$1:Model!$J$5, 5, 0)*L58/8/2^20 -> 71.015625
A59: Vocab | B59: softmax | C59: bf16 | E59: =vlookup(C59, $A$3:$B$7, 2, 0) -> 2.5 | F59: =Model!$B$2*$B$24 -> 132382720 | G59: =Model!$B$3*$B$24 -> 7340032 | H59: =vlookup($C59, Model!$F$1:Model!$J$5, 5, 0)*D59/8/2^20 -> 0 | I59: =vlookup($C59, Model!$F$1:Model!$J$5, 5, 0)*G59/8/2^20 -> 14 | J59: =vlookup(C59, $A$3:$C$7, 3, 0) -> 11.11 | K59: =Model!$B$2*$C$24 -> 132382720 | L59: =Model!$B$3*$C$24 -> 7340032 | M59: =vlookup($C59, Model!$F$1:Model!$J$5, 5, 0)*$D59/8/2^20 -> 0 | N59: =vlookup($C59, Model!$F$1:Model!$J$5, 5, 0)*L59/8/2^20 -> 14
A61: IN (Prefill) - per layer, whole sequence
B62: w MB (each) | C62: Total w MB | D62: TP payload MB | E62: EP payload MB | F62: n steps | G62: DP | H62: TP (or HP) | I62: EP (or MP) | J62: Tot n chips | K62: Stage GFLOPS | L62: PFLOPS x chip | M62: comms BW, GB/s | N62: comp micros | O62: w load, micros | P62: comms, micros | Q62: tot, millis | R62: full overlap, millis | S62: HBM BW utilis % | T62: MFU %
A63: Vocab | B63: =sumif($A$34:$A$59, $A63, H$34:H$59) -> 1380.8594 | C63: =$B63* Model!B$54 -> 1380.8594 | F63: =sumproduct($A$34:$A$59=A63, $D$34:$D$59>0) -> 2 | G63: 1 | H63: 1 | I63: 1 | J63: =PRODUCT(G63:I63) -> 1 | K63: =B23 * Model!C54*sumif($A$34:$A$59, A63, $F$34:$F$59)/10^9 -> 15183945 | L63: =sumproduct($A$34:$A$59=A63, $E$34:$E$59,$F$34:$F$59)/sumif($A$34:$A$59,A63,$F$34:$F$59) -> 9.9994189 | M63: =if(J63<=1, $B$10, if(J63<=$B$12, $B$14, $B$15)) -> 8192 | N63: =K63 / (J63*L63) + (1+(1-$B$29)*(F63-1))*$B$28 -> 1518484.7 | O63: =10^6*C63/(H63*I63*$B$10*1024) -> 164.61127 | P63: =10^6*(1-1/H63)*D63/(M63*H63*1024)*(1-$B$29) + 10^6*((I63-1)/I63)*E63/1024/M63 + (J63-1)*$B$16 -> 0 | Q63: =sum(N63:P63)/1000 -> 1518.6493 | R63: =max(N63:P63)/1000 -> 1518.4847 | S63: =O63/R63/1000 -> 0.00010840495 | T63: =N63/R63/1000 -> 1 | U63: =K63/N63/J63 -> 9.9994057
A64: MLA | B64: =sumif($A$34:$A$59, $A64, H$34:H$59) -> 178.4375 | C64: =$B64* Model!B$55 -> 178.4375 | D64: =B23*I47 -> 56000 | F64: =sumproduct($A$34:$A$59=A64, $D$34:$D$59>0) -> 5 | G64: 1 | H64: =H70 -> 8 | I64: 1 | J64: =PRODUCT(G64:I64) -> 8 | K64: =B23 * Model!C55*sumif($A$34:$A$59, A64, $F$34:$F$59)/10^9 -> 14944207 | L64: =sumproduct($A$34:$A$59=A64, $E$34:$E$59,$F$34:$F$59)/sumif($A$34:$A$59,A64,$F$34:$F$59) -> 4.9887056 | M64: =if(J64<=1, $B$10, if(J64<=$B$12, $B$14, $B$15)) -> 900 | N64: =K64 / (J64*L64) + (1+(1-$B$29)*(F64-1))*$B$28 -> 374454.5 | O64: =10^6*(C64/H64+$I$42)/(I64*$C$10*1024) -> 105.19039 | P64: =10^6*(1-1/H64)*D64/(M64*H64*1024)*(1-$B$29) + 10^6*((I64-1)/I64)*E64/1024/M64 + (J64-1)*$B$16 -> 2194.5966 | Q64: =sum(N64:P64)/1000 -> 376.75429 | R64: =max(N64:P64)/1000 -> 374.4545 | S64: =O64/R64/1000 -> 0.00028091634 | T64: =N64/R64/1000 -> 1 | U64: =K64/N64/J64 -> 4.9886593
A65: MLP | B65: =sumif($A$34:$A$59, $A65, H$34:H$59) -> 212.625 | C65: =$B65* Model!B$56 -> 212.625 | F65: =sumproduct($A$34:$A$59=A65, $D$34:$D$59>0) -> 3 | G65: 1 | H65: 1 | I65: 1 | J65: =PRODUCT(G65:I65) -> 1 | K65: =B23 * Model!C56*sumif($A$34:$A$59, A65, $F$34:$F$59)/10^9 -> 6495349.5 | L65: =sumproduct($A$34:$A$59=A65, $E$34:$E$59,$F$34:$F$59)/sumif($A$34:$A$59,A65,$F$34:$F$59) -> 10 | M65: =if(J65<=1, $B$10, if(J65<=$B$12, $B$14, $B$15)) -> 8192 | N65: =K65 / (J65*L65) + (1+(1-$B$29)*(F65-1))*$B$28 -> 649537.44 | O65: =10^6*C65/(H65*I65*$B$10*1024) -> 25.346875 | P65: =10^6*(1-1/H65)*D65/(M65*H65*1024)*(1-$B$29) + 10^6*((I65-1)/I65)*E65/1024/M65 + (J65-1)*$B$16 -> 0 | Q65: =sum(N65:P65)/1000 -> 649.56279 | R65: =max(N65:P65)/1000 -> 649.53744 | S65: =O65/R65/1000 -> 3.9022963e-05 | T65: =N65/R65/1000 -> 1 | U65: =K65/N65/J65 -> 9.9999617
A66: Expert router | B66: =sumif($A$34:$A$59, $A66, H$34:H$59) -> 3.5 | C66: =$B66* Model!B$57 -> 3.5 | F66: =sumproduct($A$34:$A$59=A66, $D$34:$D$59>0) -> 1 | G66: 1 | H66: 1 | I66: 1 | J66: =PRODUCT(G66:I66) -> 1 | K66: =B23 * Model!C57*sumif($A$34:$A$59, A66, $F$34:$F$59)/10^9 -> 30064.771 | L66: =sumproduct($A$34:$A$59=A66, $E$34:$E$59,$F$34:$F$59)/sumif($A$34:$A$59,A66,$F$34:$F$59) -> 2.5 | M66: =if(J66<=1, $B$10, if(J66<=$B$12, $B$14, $B$15)) -> 8192 | N66: =K66 / (J66*L66) + (1+(1-$B$29)*(F66-1))*$B$28 -> 12027.408 | O66: =10^6*C66/(H66*I66*$B$10*1024) -> 0.41723251 | P66: =10^6*(1-1/H66)*D66/(M66*H66*1024)*(1-$B$29) + 10^6*((I66-1)/I66)*E66/1024/M66 + (J66-1)*$B$16 -> 0 | Q66: =sum(N66:P66)/1000 -> 12.027826 | R66: =max(N66:P66)/1000 -> 12.027408 | S66: =O66/R66/1000 -> 3.4690143e-05 | T66: =N66/R66/1000 -> 1 | U66: =K66/N66/J66 -> 2.4996882
A67: Expert | B67: =sumif($A$34:$A$59, $A67, H$34:H$59) -> 23.625 | C67: =$B67 -> 23.625 | F67: =sumproduct($A$34:$A$59=A67, $D$34:$D$59>0) -> 3 | G67: 1 | H67: 1 | I67: =H70 -> 8 | J67: =PRODUCT(G67:I67) -> 8 | K67: =B23 * Model!B13*sumif($A$34:$A$59, A67, $F$34:$F$59)/10^9 -> 721705.5 | L67: =sumproduct($A$34:$A$59=A67, $E$34:$E$59,$F$34:$F$59)/sumif($A$34:$A$59,A67,$F$34:$F$59) -> 9.9984309 | M67: =if(J67<=1, $B$10, if(J67<=$B$12, $B$14, $B$15)) -> 900 | N67: =K67 / (J67*L67) + (1+(1-$B$29)*(F67-1))*$B$28 -> 9025.2246 | O67: =10^6*C67/(H67*I67*$B$10*1024) -> 0.35203993 | P67: =10^6*(1-1/H67)*D67/(M67*H67*1024)*(1-$B$29) + 10^6*((I67-1)/I67)*E67/1024/M67 + (J67-1)*$B$16 -> 1.4 | Q67: =sum(N67:P67)/1000 -> 9.0269766 | R67: =max(N67:P67)/1000 -> 9.0252246 | S67: =O67/R67/1000 -> 3.9006224e-05 | T67: =N67/R67/1000 -> 1 | U67: =K67/N67/J67 -> 9.9956724
A68: Expert | B68: =sumif($A$34:$A$59, $A68, H$34:H$59) -> 23.625 | C68: =$B68* Model!B$12 -> 6048 | E68: =B23*I57 -> 31500 | F68: =sumproduct($A$34:$A$59=A68, $D$34:$D$59>0) -> 3 | G68: 1 | H68: 1 | I68: =H70 -> 8 | J68: =PRODUCT(G68:I68) -> 8 | K68: =B23 * Model!B14*sumif($A$34:$A$59, A68, $F$34:$F$59)/10^9 -> 5773644 | L68: =sumproduct($A$34:$A$59=A68, $E$34:$E$59,$F$34:$F$59)/sumif($A$34:$A$59,A68,$F$34:$F$59) -> 9.9984309 | M68: =if(J68<=1, $B$10, if(J68<=$B$12, $B$14, $B$15)) -> 900 | N68: =(1+$B$20)*K68 / (I68*H68*L68) + (1+(1-$B$29)*(F68-1))*$B$28 -> 79402.554 | O68: =(1-(1-Model!$B$14/Model!$B$12)^($C$24/I90)) * 10^6*C68/(H68*I68*$B$10*1024) -> 88.573651 | P68: =10^6*(1-1/H68)*D68/(M68*H68*1024)*(1-$B$29) + 10^6*((I68-1)/I68)*E68/1024/M68 + (J68-1)*$B$16 -> 29908.627 | Q68: =sum(N68:P68)/1000 -> 109.39975 | R68: =max(N68:P68)/1000 -> 79.402554 | S68: =O68/R68/1000 -> 0.0011155013 | T68: =N68/R68/1000 -> 1 | U68: =K68/N68/J68 -> 9.0891976
A70: Overall | H70: 8 | J70: =max(J63:J68) -> 8 | M70: ms | N70: % peak
B71: Mem (total, GB) | C71: GFLOPS (Active) | D71: No overlap, millis | E71: overlap, millis | M71: 0 | N71: 1
A72: Vocab | B72: =Model!$B62 * C63/1024 -> 1.3484955 | C72: =Model!$B62 * K63 -> 15183945 | D72: =Model!$B62 * Q63 -> 1518.6493 | E72: =Model!$B62 * R63 -> 1518.4847 | G72: =C72/$C$79 -> 0.011461824 | I72: todo | M72: 50 | N72: 0.95
A73: MLA | B73: =Model!$B63 * (C64 + I42*H64) / 1024 -> 2155.1608 | C73: =Model!$B63 * K64 -> 9.1159664e+08 | D73: =Model!$B63 * Q64 -> 22982.011 | E73: =Model!$B63 * R64 -> 22841.724 | G73: =C73/$C$79 -> 0.68813215 | M73: 500 | N73: 0.85
A74: MLP | B74: =Model!$B64 * C65/1024 -> 0.6229248 | C74: =Model!$B64 * K65 -> 19486049 | D74: =Model!$B64 * Q65 -> 1948.6884 | E74: =Model!$B64 * R65 -> 1948.6123 | G74: =C74/$C$79 -> 0.014709331 | I74: DP: compute is wrong | M74: 5000 | N74: 0.8
A75: Expert router | B75: =Model!$B65 * C66/1024 -> 0.19824219 | C75: =Model!$B65 * K66 -> 1743756.7 | D75: =Model!$B65 * Q66 -> 697.61389 | E75: =Model!$B65 * R66 -> 697.58969 | G75: =C75/$C$79 -> 0.0013163004 | I75: DP: tot weights needs to change | M75: 999999999 | N75: 0.75
A76: Expert | B76: =Model!$B66 * C67/1024 -> 1.3381348 | C76: =Model!$B66 * K67 -> 41858919 | D76: =Model!$B66 * Q67 -> 523.56464 | E76: =Model!$B66 * R67 -> 523.46302 | G76: =C76/$C$79 -> 0.031597822
A77: Expert | B77: =Model!$B66 * C68/1024 -> 342.5625 | C77: =Model!$B66 * K68 -> 3.3487135e+08 | D77: =Model!$B66 * Q68 -> 6345.1858 | E77: =Model!$B66 * R68 -> 4605.3481 | G77: =C77/$C$79 -> 0.25278257 | L77: =E79 -> 32135.222 | M77: =match($L$77,$M$71:$M$75,1) -> 4 | N77: =index($M$71:$M$75,M77) -> 5000 | O77: =index($N$71:$N$75,M77) -> 0.8 | P77: =O77*(1-N79) -> 0.79997829
M78: =M77+1 -> 5 | N78: =index($M$71:$M$75,M78) -> 999999999 | O78: =index($N$71:$N$75,M78) -> 0.75 | P78: =O78*N79 -> 2.0351519e-05
B79: =sum(B72:B77) -> 2501.2311 | C79: =sum(C72:C77) -> 1324740661 | D79: =sum(D72:D77) -> 34015.713 | E79: =sum(E72:E77) -> 32135.222 | N79: =(L77-N77)/(N78-N77) -> 2.7135358e-05 | P79: =P78+P77 -> 0.79999864
B80: =B79/J70/$B$9*1024 -> 1.6284057 | C80: =C79/B24/B23 -> 161.71151 | E80: =E79/P79 -> 40169.096 | F80: <-- adj for sustained % of peak
O81: =B25
A83: OUT (Decode) per layer, last token
B84: MB (each) | C84: Total w MB | D84: TP payload MB | E84: EP payload MB | F84: n steps | G84: DP | H84: TP | I84: EP (or MP) | J84: Min n chips | K84: Stage GFLOPS | L84: PFLOPS x chip | M84: I/O BW, GB/s | N84: comp micros | O84: w load, micros | P84: comms, micros | Q84: tot, millis | R84: full overlap, millis | S84: HBM BW utilis %
A85: Vocab | B85: =sumif($A$34:$A$59, $A85, M$34:M$59) -> 1380.8594 | C85: =$B85* Model!$B$54 -> 1380.8594 | F85: =sumproduct($A$34:$A$59=A85, $D$34:$D$59>0) -> 2 | G85: 1 | H85: 1 | I85: 1 | J85: =PRODUCT(G85:I85) -> 1 | K85: =Model!C54*sumif($A$34:$A$59, A85, $K$34:$K$59)/10^9 -> 1897.9931 | L85: =sumproduct($A$34:$A$59=A85, $J$34:$J$59,$K$34:$K$59)/sumif($A$34:$A$59,A85,$K$34:$K$59) -> 66.65561 | M85: =if(J85<=1, $C$10, if(J85<=$C$12, $C$14, $C$15)) -> 41984 | N85: =K85 / (J85*L85) + (1+(1-$B$29)*(F85-1))*$B$28 -> 30.469619 | O85: =10^6*(C85)/(H85*I85*$C$10*1024) -> 32.119271 | P85: =10^6*(1-1/H85)*D85/(M85*H85*1024)*(1-$B$29) + 10^6*2*((I85-1)/I85)*D85/1024/M85 + (J85-1)*$C$16 -> 0 | Q85: =sum(N85:P85)/1000 -> 0.06258889 | R85: =max(N85:P85)/1000 -> 0.032119271 | S85: =O85/R85/1000 -> 1
A86: MLA | B86: =sumif($A$34:$A$59, $A86, M$34:M$59) -> 178.4375 | C86: =$B86* Model!$B$55 -> 178.4375 | D86: =N47 -> 7 | F86: =sumproduct($A$34:$A$59=A86, $D$34:$D$59>0) -> 5 | G86: =H92/H86 -> 1 | H86: =H92 -> 8 | I86: 1 | J86: =PRODUCT(G86:I86) -> 8 | K86: =Model!C55*sumif($A$34:$A$59, A86, $K$34:$K$59)/10^9 -> 2053.6239 | L86: =sumproduct($A$34:$A$59=A86, $J$34:$J$59,$K$34:$K$59)/sumif($A$34:$A$59,A86,$K$34:$K$59) -> 22.168671 | M86: =if(J86<=1, $C$10, if(J86<=$C$12, $C$14, $C$15)) -> 1800 | N86: =K86 / (J86*L86) + (1+(1-$B$29)*(F86-1))*$B$28 -> 15.059539 | O86: =10^6*(C86/H86+$C$25*$N$42)/(I86*$C$10*1024) -> 170.61012 | P86: =10^6*(1-1/H86)*D86/(M86*H86*1024)*(1-$B$29) + 10^6*2*((1-1/I86)*D86/1024/M86) + (J86-1)*$C$16 -> 1.5370748 | Q86: =sum(N86:P86)/1000 -> 0.18720673 | R86: =max(N86:P86)/1000 -> 0.17061012 | S86: =O86/R86/1000 -> 1
A87: MLP | B87: =sumif($A$34:$A$59, $A87, M$34:M$59) -> 212.625 | C87: =$B87* Model!$B$56 -> 212.625 | F87: =sumproduct($A$34:$A$59=A87, $D$34:$D$59>0) -> 3 | G87: 1 | H87: 1 | I87: 1 | J87: =PRODUCT(G87:I87) -> 1 | K87: =Model!C56*sumif($A$34:$A$59, A87, $K$34:$K$59)/10^9 -> 811.91869 | L87: =sumproduct($A$34:$A$59=A87, $J$34:$J$59,$K$34:$K$59)/sumif($A$34:$A$59,A87,$K$34:$K$59) -> 66.66 | M87: =if(J87<=1, $C$10, if(J87<=$C$12, $C$14, $C$15)) -> 41984 | N87: =K87 / (J87*L87) + (1+(1-$B$29)*(F87-1))*$B$28 -> 14.669998 | O87: =10^6*(C87)/(H87*I87*$C$10*1024) -> 4.9457317 | P87: =10^6*(1-1/H87)*D87/(M87*H87*1024)*(1-$B$29) + 10^6*2*((I87-1)/I87)*D87/1024/M87 + (J87-1)*$C$16 -> 0 | Q87: =sum(N87:P87)/1000 -> 0.01961573 | R87: =max(N87:P87)/1000 -> 0.014669998 | S87: =O87/R87/1000 -> 0.3371324
A88: Expert router | B88: =sumif($A$34:$A$59, $A88, M$34:M$59) -> 3.5 | C88: =$B88* Model!$B$57 -> 3.5 | F88: =sumproduct($A$34:$A$59=A88, $D$34:$D$59>0) -> 1 | G88: 1 | H88: 1 | I88: 1 | J88: =PRODUCT(G88:I88) -> 1 | K88: =Model!C57*sumif($A$34:$A$59, A88, $K$34:$K$59)/10^9 -> 3.7580964 | L88: =sumproduct($A$34:$A$59=A88, $J$34:$J$59,$K$34:$K$59)/sumif($A$34:$A$59,A88,$K$34:$K$59) -> 11.11 | M88: =if(J88<=1, $C$10, if(J88<=$C$12, $C$14, $C$15)) -> 41984 | N88: =K88 / (J88*L88) + (1+(1-$B$29)*(F88-1))*$B$28 -> 1.8382625 | O88: =10^6*(C88)/(H88*I88*$C$10*1024) -> 0.081411222 | P88: =10^6*(1-1/H88)*D88/(M88*H88*1024)*(1-$B$29) + 10^6*2*((I88-1)/I88)*D88/1024/M88 + (J88-1)*$C$16 -> 0 | Q88: =sum(N88:P88)/1000 -> 0.0019196737 | R88: =max(N88:P88)/1000 -> 0.0018382625 | S88: =O88/R88/1000 -> 0.044287049
A89: Expert | B89: =sumif($A$34:$A$59, $A89, M$34:M$59) -> 23.625 | C89: =$B89 -> 23.625 | F89: =sumproduct($A$34:$A$59=A89, $D$34:$D$59>0) -> 3 | G89: 1 | H89: 1 | I89: 1 | J89: =PRODUCT(G89:I89) -> 1 | K89: =Model!B13 * sumif($A$34:$A$59, A89, $K$34:$K$59)/10^9 -> 90.213188 | L89: =sumproduct($A$34:$A$59=A89, $J$34:$J$59,$K$34:$K$59)/sumif($A$34:$A$59,A89,$K$34:$K$59) -> 66.648378 | M89: =if(J89<=1, $C$10, if(J89<=$C$12, $C$14, $C$15)) -> 41984 | N89: =K89 / (J89*L89) + (1+(1-$B$29)*(F89-1))*$B$28 -> 3.8435691 | O89: =10^6*(C89)/(H89*I89*$C$10*1024) -> 0.54952575 | P89: =10^6*(1-1/H89)*D89/(M89*H89*1024)*(1-$B$29) + 10^6*2*((I89-1)/I89)*D89/1024/M89 + (J89-1)*$C$16 -> 0 | Q89: =sum(N89:P89)/1000 -> 0.0043930949 | R89: =max(N89:P89)/1000 -> 0.0038435691 | S89: =O89/R89/1000 -> 0.14297278
A90: Expert | B90: =sumif($A$34:$A$59, $A90, M$34:M$59) -> 23.625 | C90: =$B90* Model!$B$12 -> 6048 | E90: =N57 -> 3.9375 | F90: =sumproduct($A$34:$A$59=A90, $D$34:$D$59>0) -> 3 | G90: 1 | H90: 1 | I90: =H92 -> 8 | J90: =PRODUCT(G90:I90) -> 8 | K90: =Model!B14 * sumif($A$34:$A$59, A90, $K$34:$K$59)/10^9 -> 721.7055 | L90: =sumproduct($A$34:$A$59=A90, $J$34:$J$59,$K$34:$K$59)/sumif($A$34:$A$59,A90,$K$34:$K$59) -> 66.648378 | M90: =if(J90<=1, $C$10, if(J90<=$C$12, $C$14, $C$15)) -> 1800 | N90: =(1+$C$20) * K90 / (J90*L90) + (1+(1-$B$29)*(F90-1))*$B$28 -> 4.114283 | O90: =(1+$C$20) * (1-(1-Model!$B$14/Model!$B$12)^($C$24/I90)) * 10^6*C90/(H90*I90*$C$10*1024) -> 20.739196 | P90: =10^6*(1-1/H90)*D90/(M90*H90*1024)*(1-$B$29) + 2*10^6*((I90-1)/I90)*E90/1024/M90 + (J90-1)*$C$16 -> 5.1384033 | Q90: =sum(N90:P90)/1000 -> 0.029991883 | R90: =max(N90:P90)/1000 -> 0.020739196 | S90: =O90/R90/1000 -> 1
A92: Overall | H92: 8 | J92: =max(J85:J90) -> 8
B93: Mem (total, GB) | C93: GFLOPS (Active) | D93: No overlap, millis | E93: with overlap, millis
A94: Vocab | B94: =Model!$B62 * C85/1024 -> 1.3484955 | C94: =Model!$B62 * K85 -> 1897.9931 | D94: =Model!$B62 * Q85 -> 0.06258889 | E94: =Model!$B62 * R85 -> 0.032119271
A95: MLA | B95: =Model!$B63 * (C86 + N42*H86) / 1024 -> 2423.2272 | C95: =Model!$B63 * K86 -> 125271.05 | D95: =Model!$B63 * Q86 -> 11.419611 | E95: =Model!$B63 * R86 -> 10.407217 | I95: =B90*8 -> 189 | J95: =10^6 * I95/2^20/40 -> 4.5061111 | Q95: =O95*(Model!$B$8+Model!$B$7+Model!$B$9+2)*2/1024 -> 0 | R95: kB
A96: MLP | B96: =Model!$B64 * C87/1024 -> 0.6229248 | C96: =Model!$B64 * K87 -> 2435.7561 | D96: =Model!$B64 * Q87 -> 0.05884719 | E96: =Model!$B64 * R87 -> 0.044009995
A97: Expert router | B97: =Model!$B65 * C88/1024 -> 0.19824219 | C97: =Model!$B65 * K88 -> 217.96959 | D97: =Model!$B65 * Q88 -> 0.11134108 | E97: =Model!$B65 * R88 -> 0.10661922 | Q97: =O97*(Model!$B$8+Model!$B$7)/1024 -> 0 | R97: kB
A98: Expert | B98: =Model!$B66 * C89/1024 -> 1.3381348 | C98: =Model!$B66 * K89 -> 5232.3649 | D98: =Model!$B66 * Q89 -> 0.2547995 | E98: =Model!$B66 * R89 -> 0.22292701
A99: Expert | B99: =Model!$B66 * C90/1024 -> 342.5625 | C99: =Model!$B66 * K90 -> 41858.919 | D99: =Model!$B66 * Q90 -> 1.7395292 | E99: =Model!$B66 * R90 -> 1.2028734 | Q99: =Q97+Q95 -> 0 | R99: kB
Q100: =Q99+24 -> 24
B101: =sum(B94:B99) -> 2769.2975 | C101: =sum(C94:C99) -> 176914.06 | D101: =sum(D94:D99) -> 13.646716 | E101: =sum(E94:E99) -> 12.015766
B102: =B101/ max(J85:J90)/$C$9*1024 -> 0.33804902 | C102: =C101/C24 -> 172.76763
I104: In use | J104: TDP
B105: Seq time, sec | C105: Disagg adj | D105: TPS / package | E105: Peak PFlops / packg | F105: MFU / package | G105: HBM utilisation | H105: Power % | I105: TPS / MW | J105: TPS / MW | L105: Power model
A106: IN (prefill) | B106: =E80/1000 -> 40.169096 | C106: 1 | D106: =B23*B24/B106/J70 -> 25492.234 | E106: =sumproduct(C72:C77,L63:L68)/sum(C72:C77) -> 6.5412421 | F106: =C80*D106/10^6/ E106 -> 0.6302148 | G106: =sumproduct(R63:R68,S63:S68) / sum(R63:R68) -> 0.00014547914 | H106: =($M$108 + ($M$106*F106 + $M$107*G106)*($B$8-$M$108))/$B$8 -> 0.64182379 | I106: =$D106/(H106* $B$8/1000) -> 23831059 | J106: =$D106/($C$8/1000) -> 6118136.2 | L106: α_comp | M106: 0.45 | N106: <-- observed from Hopper
A107: OUT (decode) | B107: =C23*D101/1000 -> 13.646716 | C107: =J92/J70 * (B24/C24) -> 1 | D107: =C23*C24/B107/J92 -> 9379.5456 | E107: =sumproduct(C94:C99, L85:L90)/sum(C94:C99) -> 35.084558 | F107: =C102*D107/10^6/ E107 -> 0.046187896 | G107: =sumproduct(R85:R90,S85:S90) / sum(R85:R90) -> 0.93940146 | H107: =($M$108 + ($M$106*F107 + $M$107*G107)*($B$8-$M$108))/$B$8 -> 0.67478753 | I107: =$D107/(H107* $C$8/1000) -> 3335999.6 | J107: =$D107/($C$8/1000) -> 2251091 | L107: β_mem | M107: 0.35 | N107: <-- observed from Hopper
A108: Tot | B108: =B106+B107 -> 53.815812 | D108: =sumproduct($B106:$B107, $C106:$C107, D106:D107)/sumproduct($B106:$B107,$C106:$C107) -> 21406.348 | E108: =sumproduct($B106:$B107, E106:E107)/$B108 -> 13.779311 | F108: =sumproduct($B106:$B107, $C106:$C107, F106:F107)/sumproduct($B106:$B107,$C106:$C107) -> 0.48211614 | G108: =sumproduct($B106:$B107, G106:G107)/$B108 -> 0.2383238 | H108: =($M$108 + ($M$106*F108 + $M$107*G108)*($B$8-$M$108))/$B$8 -> 0.6501828 | I108: =$D108/(H108* $C$8/1000) -> 7901660.1 | J108: =$D108/($C$8/1000) -> 5137523.5 | L108: P_idle | M108: =B8*0.5 -> 0.83333333 | N108: <-- incl. everything in the rack, not just GPU - Hopper is ~45% of full tilt
A111: Results | E111: prefill | F111: 8
...

Sheet TCO model
B2: Unit | C2: H100 | D2: H200 | E2: B200 | F2: NVL72 | G2: NVL72 Ultra | H2: NVL144 | I2: NVL576 | J2: LPU v2 | K2: WSE-3 | L2: SN40L-16 | M2: Fractile?
A3: Capex
A4: Cost of building DC | B4: USD/rack | C4: 0 | D4: 0 | E4: 0 | F4: 0 | G4: 0 | H4: 0 | I4: 0 | J4: 0 | K4: 0 | L4: 0 | M4: 0
A5: Server Cost | B5: USD | C5: =380*4000 -> 1520000 | D5: =405*4000 -> 1620000 | E5: =515*4000 -> 2060000 | F5: =3*10^6 -> 3000000 | G5: =3.5*10^6 -> 3500000 | H5: =5*10^6 -> 5000000 | I5: =12.5*10^6 -> 12500000 | J5: =350*8000 -> 2800000 | K5: =3130*2000 -> 6260000 | L5: =800*1000 -> 800000 | M5: =3000000 -> 3000000
A6: Useful Life in Years | B6: Years | C6: 4 | D6: 4 | E6: 4 | F6: 4 | G6: 4 | H6: =F6 -> 4 | I6: =H6 -> 4 | J6: =I6 -> 4 | K6: =J6 -> 4 | L6: =K6 -> 4 | M6: =L6 -> 4
A7: Cost of Capital | B7: % | C7: 0.15 | D7: =C7 -> 0.15 | E7: =D7 -> 0.15 | F7: =E7 -> 0.15 | G7: =F7 -> 0.15 | H7: =G7 -> 0.15 | I7: =H7 -> 0.15 | J7: =I7 -> 0.15 | K7: =J7 -> 0.15 | ... M7: =L7 -> 0.15
A8: Total Capex per Month | B8: USD/m | C8: =PMT(C7/12,C6*12,-(C4+C5)) -> 42302.737 | D8: =PMT(D7/12,D6*12,-(D4+D5)) -> 45085.812 | E8: =PMT(E7/12,E6*12,-(E4+E5)) -> 57331.341 | F8: =PMT(F7/12,F6*12,-(F4+F5)) -> 83492.245 | G8: =PMT(G7/12,G6*12,-(G4+G5)) -> 97407.619 | H8: =PMT(H7/12,H6*12,-H5) -> 139153.74 | I8: =PMT(I7/12,I6*12,-I5) -> 347884.35 | J8: =PMT(J7/12,J6*12,-J5) -> 77926.095 | K8: =PMT(K7/12,K6*12,-K5) -> 174220.48 | L8: =PMT(L7/12,L6*12,-L5) -> 22264.599 | M8: =PMT(M7/12,M6*12,-M5) -> 83492.245
A10: Opex
A11: Electricity Cost | B11: USD/kWh | C11: 0.087 | D11: 0.087 | E11: 0.087 | F11: 0.087 | G11: 0.087 | H11: 0.087 | I11: 0.087 | J11: 0.087 | K11: 0.087 | L11: 0.087 | M11: 0.087
A12: Utilization Rate | B12: % | C12: 0.8 | D12: 0.8 | E12: 0.8 | F12: 0.8 | G12: 0.8 | H12: 0.8 | I12: 0.8 | J12: 0.8 | K12: 0.8 | L12: 0.8 | M12: 0.8
A13: Power Usage Effectiveness (PUE) | B13: Ratio | C13: 1.25 | D13: 1.25 | E13: 1.25 | F13: 1.25 | G13: 1.25 | H13: 1.25 | I13: 1.25 | J13: 1.25 | K13: 1.25 | L13: 1.25 | M13: 1.25
A14: Electricity Cost per kW per mth | B14: USD/kW/mth | C14: =C11*24*365/12*C13*C12 -> 63.51 | D14: =D11*24*365/12*D13*D12 -> 63.51 | E14: =E11*24*365/12*E13*E12 -> 63.51 | F14: =F11*24*365/12*F13*F12 -> 63.51 | G14: =G11*24*365/12*G13*G12 -> 63.51 | H14: =H11*24*365/12*H13*H12 -> 63.51 | I14: =I11*24*365/12*I13*I12 -> 63.51 | J14: =J11*24*365/12*J13*J12 -> 63.51 | ... M14: =M11*24*365/12*M13*M12 -> 63.51
A15: Colocation Cost | B15: USD/kW/mth | C15: =if(C4, 0, 120) -> 120 | D15: =if(D4, 0, 120) -> 120 | E15: =if(E4, 0, 120) -> 120 | F15: =if(F4, 0, 120) -> 120 | G15: =if(G4, 0, 120) -> 120 | H15: =if(H4, 0, 120) -> 120 | I15: =if(I4, 0, 120) -> 120 | J15: =if(J4, 0, 120) -> 120 | ... M15: =if(M4, 0, 120) -> 120
A16: Total Hosting Cost per kW per Month | B16: USD/kW/mth | C16: =C15+C14 -> 183.51 | D16: =D15+D14 -> 183.51 | E16: =E15+E14 -> 183.51 | F16: =F15+F14 -> 183.51 | G16: =G15+G14 -> 183.51 | H16: =H15+H14 -> 183.51 | I16: =I15+I14 -> 183.51 | J16: =J15+J14 -> 183.51 | ... M16: =M15+M14 -> 183.51
A17: Server Power Consumption | B17: kW | C17: 49 | D17: 49 | E17: 68 | F17: 120 | G17: 130 | H17: 150 | I17: 600 | J17: =4*17.3 -> 69.2 | K17: 50 | L17: 12 | M17: 120
A18: Total Opex per Month | B18: USD/mth | C18: =C17*C16 -> 8991.99 | D18: =D17*D16 -> 8991.99 | E18: =E17*E16 -> 12478.68 | F18: =F17*F16 -> 22021.2 | G18: =G17*G16 -> 23856.3 | H18: =H17*H16 -> 27526.5 | I18: =I17*I16 -> 110106 | J18: =J17*J16 -> 12698.892 | ... M18: =M17*M16 -> 22021.2
A20: Total Cost | B20: USD/m | C20: =C18+C8 -> 51294.727 | D20: =D18+D8 -> 54077.802 | E20: =E18+E8 -> 69810.021 | F20: =F18+F8 -> 105513.44 | G20: =G18+G8 -> 121263.92 | H20: =H18+H8 -> 166680.24 | I20: =I18+I8 -> 457990.35 | J20: =J18+J8 -> 90624.987 | ... M20: =M18+M8 -> 105513.44
A21: Total Cost | B21: USD/sec | C21: =C20/(365/12*24*3600) -> 0.019518542 | D21: =D20/(365/12*24*3600) -> 0.02057755 | E21: =E20/(365/12*24*3600) -> 0.026563935 | F21: =F20/(365/12*24*3600) -> 0.040149713 | G21: =G20/(365/12*24*3600) -> 0.046143044 | H21: =H20/(365/12*24*3600) -> 0.063424749 | I21: =I20/(365/12*24*3600) -> 0.17427335 | J21: =J20/(365/12*24*3600) -> 0.034484394 | ... M21: =M20/(365/12*24*3600) -> 0.040149713
A23: Capex % | C23: =C8/C20 -> 0.82469953 | D23: =D8/D20 -> 0.83372124 | E23: =E8/E20 -> 0.82124801 | F23: =F8/F20 -> 0.79129484 | G23: =G8/G20 -> 0.80326959 | H23: =H8/H20 -> 0.83485445 | I23: =I8/I20 -> 0.75958882 | J23: =J8/J20 -> 0.85987428 | ... M23: =M8/M20 -> 0.79129484
A24: Opex % | C24: =C18/C20 -> 0.17530047 | D24: =D18/D20 -> 0.16627876 | E24: =E18/E20 -> 0.17875199 | F24: =F18/F20 -> 0.20870516 | G24: =G18/G20 -> 0.19673041 | H24: =H18/H20 -> 0.16514555 | I24: =I18/I20 -> 0.24041118 | J24: =J18/J20 -> 0.14012572 | ... M24: =M18/M20 -> 0.20870516
B26: from inferenceMax | C26: 8k/1k | D26: 1k/1k
B27: kW/GPU | C27: 2.1 | D27: 2.1
B28: $/GPU/hr | C28: 2.21 | D28: 2.21 | F28: rack TCO
B29: TCO/Mtok | C29: 0.867 | D29: 2.093 | F29: =F20*12 -> 1266161.3 | G29: y
B30: tok/s/GPU | C30: 708.4 | D30: 293 | F30: =F29/365 -> 3468.9352 | G30: d
A31: =C30/(C27/1000) -> 337333.33 | B31: tok/s/MW | C31: 337337 | D31: 139649 | F31: =F30/24 -> 144.53897 | G31: h
A32: =C30*72 -> 51004.8 | B32: tok/s/rack | C32: =C31*(C27*72/1000) -> 51005.354 | D32: =D31*(D27*72/1000) -> 21114.929 | F32: =F31/60 -> 2.4089828 | G32: m
C33: =C32*3.6/1000 -> 183.61928 | D33: =D32*3.6/1000 -> 76.013744 | F33: =F32/60 -> 0.040149713 | G33: s
A35: =1000*C28/ (C30*3.6) -> 0.86658511 | B35: $/Mtok | C35: =C28*72/C33 -> 0.86657569 | D35: =D28*72/D33 -> 2.0933057 | F35: =F31/72 -> 2.0074856 | G35: $/GPU/hr
B38: From Jensen's plot
B39: kW/GPU | C39: 2.1
B40: $/GPU/hr | C40: 2.21
C42: Jensen (1k/2k) | D42: IMax (8k/1k) | E42: IMax (1k/1k)
B43: tok/s/MW | C43: 5800000 | D43: =C31 -> 337337 | E43: =D31 -> 139649
B44: tok/s/rack | C44: =C43*(C39*72/1000) -> 876960 | D44: =C32 -> 51005.354 | E44: =D32 -> 21114.929
C45: =C44*3.6/1000 -> 3157.056 | D45: =C33 -> 183.61928 | E45: =D33 -> 76.013744
E46: =D34
B47: $/Mtok | C47: =C40*72/C45 -> 0.050401387 | D47: =C35 -> 0.86657569 | E47: =D35 -> 2.0933057
C50: Jensen (1k/2k) | D50: IMax (8k/1k) | E50: IMax (1k/1k)
B51: tok/s/MW | C51: 5800000 | D51: 337337 | E51: 139649
B52: tok/s/rack | C52: 876960 | D52: 51005.354 | E52: 21114.929
B53: $/Mtok | C53: 0.050401387 | D53: 0.86657569 | E53: 2.0933057
